appid,name,profile
1661466542,加解集 - 加密与解密工具合集,"这是一款个人集成多项功能集一身的工具集，其中是给想要某张图片生成一个专属的加密文字信息，通过工具集实现加密解密等工具。

还有MD5加解密，Base64，二进制转换，16进制转换，Url编解码，SHA加密等工具，后期我们还会优化和添加更多的工具。"
1659647017,春秋岁月 - 年龄计算器,"查看自己或他人经历过多少个春秋岁月，生日，倒计时和未来的生日

计算对比年龄工具，或多或少，查看历年当日所发生的大事件"
6444478805,迷离物业平台,物业app，可以在上面进行物业投诉，停车预约，保修，查看物业发布的信息等
1642889087,ACP - Aijia Court Propert,"Aijia Court Property is an extension of offline property services. Owners can report service matters and submit maintenance information in the app to improve the service level and efficiency of the property department and enhance the happiness of owners.
"
6444581520,小厨成长记,"-没有厨师一生出就是高级厨师
-在到达高级之前，会经历一知半解的初级，还有寻寻觅觅，柳暗花明的中级
-所有的历练，都在铸造更完美的自己
-何不让每一次的制作美食，都记录下来并且加以评分？
-在一次次追求完美中进步。
-在一次次进步中趋向完美"
6443536567,指尖宝-爱了爱,"记录恋爱天数，随时记录心动感情。这是一款小而美的APP。快来使用吧。用心行动为爱前行。

这是一款小而美的APP，让您在爱情的路上更长久。简单易用，随用随记录，随时随地的记录爱情。"
1642532217,童童折纸,"有时候玩心大起，想起来小时候的折纸，却忘了怎么折
幼儿园的小朋友回家要做手工制作，怎么办？

为您收集了多种折纸的方法，并进行了分类，有动物，衣服，船，飞机等等
提供了每一个步骤，总共多少步，方便您判断难易程度。
详细的折纸步骤一步一步教你学折纸，或教小朋友折纸，锻炼动手能力"
6444080920,作词海报生成器,"唱作人的作词创作小能手

有灵感可快速通过应用去记录并生成海报样式

保留您的灵感，助您更好地去创作"
6444225309,快乐点名,"老师在课堂中的小帮手“快乐点名”

支持多个班级的创建，快捷方便

后期将更新随机点名，在上课中可以随机抽查学生的作业和学习情况"
6443582601,木头师傅,"木头师傅，带你您认识木工工具，领略榫卯精华


工具赏析： 了解木工常用工具，锯，刨，尺等等
榫卯作品赏析：通过常见的木工成品了解榫卯的结构
榫卯：剖解榫卯结构的制作过程，有成品图与gif过程解析
心得学些记录：你可以将你平时见到的，看到的记录下来"
6444433997,经营小店,"经营小店
-自定义店铺资料，保存店铺的一些资料
-商品分类管理，通过分类区分店铺杂乱的商品
-商品管理，商品的价格，库存，名称，样式等资料的管理
-员工管理，店铺员工多的试试，可以统一管理，有利于员工的晋升和考核
-会员管理，通过这种方式，留住常客，多和常客联系
-经营心得，时刻记录经营所得到的心得体会
-店铺经营，记录每一笔店铺的支出和收入，实时监测收支情况"
6444916513,Pay Record,"Pay Record is an APP that helps you record your daily consumption, helps you record your expenditure and income, and helps you manage your money."
1573214556,天天录音,"天天录音是一款高质量录音APP，可用于记录日常中的一些灵感，会议，演讲等等
功能
高质量录音
播放录音，变速快进快退
可把录音转成文字(暂时只支持中文转换)"
1621048312,小萌相机,"美颜功能，从此不怕拍照手残
质感滤镜，随手拍都超完美，怎么拍都是女主角！"
1640953344,手指画,"可以尽情挥洒笔墨，画出心里的想法
临摹好看的图片

手指画
可以选择不同的背景进行涂鸦
可以从相册选择喜欢的背景开始涂鸦
可以从相册选择简笔画给您的小孩子进行临摹
对完成的涂鸦作品可以保存到相册"
6443976439,number&puzzle,"The latest version of digital puzzle game download is a new classic puzzle class digital software. The aim is to use a small number of steps, in the shortest time, the number of squares on the board, in order from left to right, from top to bottom."
1663530050,旅行计划 - 导游小助手,"旅行计划是一款给出行人事，提前做好路线计划并记录旅行每到一个线路景点打卡的App

应用可以把做好的线路或打卡记录通过保存图片到本地分享给好友们"
1658801872,EASS - Experiment assistant,"Lab Assistant
Your little lab helper
It will help you record all the details of the experiment from start to finish
It's a little flash card that allows you to quickly review all of your experiments
You can add and view all the experiments you've done

For more good suggestions and feedback, please feel free to contact us
Thanks for using"
6444918464,健康一家,"
吃药，记药，是你贴身健康的小药箱"
1640507964,音乐弹幕-手持LED音乐弹幕,"音乐弹幕是一款在iPhone或iPad上实现文字滚动的手持弹幕APP，提供高级弹幕设置，独家背景音乐支持~


应用场景如下：


【个性表达】自由想象 一切尽在不言中


【演唱会现场】挥动弹幕让爱豆看到


【电竞赛场】为喜爱的战队打CALL


【对象表白】表达心意 个性传情


【接机找人】人海中一眼被认出


【广告宣传】配合蓝牙音箱外放效果更好



产品功能如下：


【基本功能】字体颜色、滚动速度、字体大小、背景颜色设置


【高级功能】支持多种字体、闪烁发光、设置背景音乐


赶快下载体验哦！"
1542703802,小球快跑,"玩家通过点击屏幕控制小球的运动。
1.吃掉能量球可以增加分数
2.吃掉护盾可以保护玩家一次并可以加分
3.碰到杀手球会死亡或者丢失保护盾"
1663910742,柿子小本,"柿子小本是一款帮助大家记录健身时的数据和统计每日的数据的App

软件还添加了健身煅练时需要用上的计时小功能，可以帮助您计时和倒计时

愿软件能帮助您在健身的道路上坚持下去！加油！！！"
1664867073,文本隐水印 - 把信息隐藏到文本中,"文本隐水印，用来把一段信息嵌入到一段明文中，使信息隐密不可见，并且旁人无法察觉到嵌入后明文的变化。

经测试，在这些场景下信息隐藏比较完美

-MacBook 版本的 Chrome 浏览器，包括知乎网页版、微博网页版等。
-微信、钉钉。Mac/Iphone 版均可
-苹果备忘录
-用 Chrome 打开 github.com 上的代码文件和文本文件（但md文件不行）
-用复制/黏贴 (ctrl+c/v) 的方式在上述平台之间黏贴
-欢迎补充

不太行的
-Safari 浏览器


加密使用方法：
1.输入或复制一段文本到文本信息框内（每25个字节可以输入1个字节的水印信息，如不够25个字节，暂不支持水印功能）
2.输入水印信息，根据相应的长度来输入
3.确认加密后，复制加密文本，就可以啦～（软件显示的加密文本内会有加密的符号，复制发送到微信或备忘录等其他地方会隐藏掉加密的符号）


解密的使用方法：
1.复制加密文本到文本框（粘贴过来后，加密文本里有加密的符号，属于正常的情况）
2.点击确认，会解密出来相应的内容"
6444642689,爱宠管理,"爱宠管理
这是一款专门给爱宠人事设计的App。
宠物管理板块，可以记录宠物的绝育信息，类型，性别，图片等信息，可以管理多个宠物
宠物体重板块，可以记录每一个宠物的体重变化过程
宠物异常板块，提供多种宠物常见的异常目录，有助于细化记录宠物的异常，以便于观察宠物的健康状态
宠物喂食板块，宠物需要悉心照料，吃什么，吃多少，都需要心细的你，步步把关，如果一不留神忘记了，也不用担心，爱宠管理给你提供了宠物喂食管理。
宠物随记板块，可以记录你和爱宠的日常快乐，可以关联到具体的宠物。记录属于你们的的点点滴滴。"
1493800075,Launcher - 极简启动器,"Launcher 是什么

Launcher 是一款全新的启动器App，可以方便快速启动系统App，常用App，网页等，Launcher 还对视频网站进行了适配，可直接在App内播放网页中的视频。

如何使用Launcher

1. 如何添加一条启动项，点击首页右上角的添加按钮，可以从启动应用中添加，也可以自定义
2. 如何添加Widget小组件，进入系统的小组件页，滑动到最下方，点击编辑，将“Launcher - 快捷启动”添加
3. 如何反馈：在更多页，点击邮件反馈或者 iMessage 进行反馈

反馈

QQ群: 1030332194
微信公众号：火花视界"
1671213258,美妆预算,"美妆达人生活中统计和预算化妆产品价格和质保日期的利器

添加每次购买的化妆产品，备注购买地，下次更好的比较价格

添加化妆产品的质保日期，快速查看与维护产品信息"
1643675280,账号宝箱,一款实用的账号保存程序，记录日常使用的各种账号信息，生成随机密码，所有数据都是本地保存，你可以安心使用，不需要担心账号密码泄露
1644057199,存钱小目标-存下点滴，收获成长,"存钱小目标是一款帮助储蓄的工具。存钱是一种习惯，细水长流才能积累足够的资本，实现我们财务自由的愿望
存下点滴，收获成长"
1601789868,轻省钱,"- 是不是觉得有时候钱不知不觉就花没了？
- 天热了想吃雪糕，无聊了想吃零食...太多消费欲没办法控制？？
- 你需要一款可以帮助你规划消费的App。
- 那么轻省钱应运而生！！
- 你可以设置一段时间花一笔钱，会自动计算到每天消费的额度。
- 让你每一笔消费清晰可见。
- 有低，中，高，三挡消费等级可选，让你的消费有踪可循。
- 消费每一笔钱的理由是什么？？那么你可以写在备注上。
- 让轻省钱陪你度过拮据的日子吧~~"
6444063802,生活图记,生活图记一款用图片记录生活中点点滴滴的APP。随着时间的流逝，记忆也随之模糊，图片能让记忆中的画面重新呈现，展示你的精彩一生
1672386429,柠檬小记 - 创建个人的历史上今日,柠檬小记是一款记录查看古往今来的事和物的App，再去创造属于自己的小记，学习参考，打卡，丰富自己，让自己变得更多明理。 
6444559509,便携喇叭,一款帮助你叫喊的APP，可以录取一段音频，也可以编写一段文字，操作起来都很方便。喇叭在一些特定的场合是非常需要的，然而一般的喇叭不方便携带，本APP利用手机的方便携带性，把手机变成一个小喇叭，帮助你日常使用。
1671615928,邮编小能手,"是否还记得当初给对方邮信时那个邮编，一个邮编可以知道这是那个省份和市区的地方

也可以通过地址回忆这是那个地区的邮编，询各个地区的邮编和各个邮编的地区 

内置了全国各省市56个省车牌简称，了解每个省和市的车牌代号 "
1670701325,RYZ Picture Editor,"-Text and pictures can be added to the bottom picture, realizing high customization.
-Provide convenient filter functions to enrich the layers of pictures."
6446023790,健时督导 - 身边的健身好管家,"健时督导：
一款随时随地帮您管理您的健身计划，在这里，您可以：
1、添加您的健身计划，并且可以同步到日历；
2、记录您的健身数据，随时准确地查看；
3、设置您的常用配置，您可以快速地编辑它们；
4、管理您的健身记录；
5、根据天气来匹配您的健身预报，目前支持五个主流城市的切换。


更多功能尽在我们的app当中，欢迎体验。"
1627067977,健康计时器 - 锻炼好帮手,健康计时器是一款给广大锻炼者、运动者用于运动时的计时App，在各种运动场景中设置运动组、运动时间、休息时间、循环次数等参数来完成有高效的运动。
1603194528,读书心得,"- 你的气质里，藏着你读过的书和走过的路
- 书中自有黄金屋，书中自有颜如玉
- 读书好处多多，益处多多
- 比起读书，记录和思考更重要
- 只有记录和思考，才会形成自己的知识体系
- 读书心得，是你读书的好伴侣
- 一款专为读书爱好者设计的App"
1628524044,妙游记,每个人都有想去的地方，呼吸新鲜的空气，看看美丽的风景，体会不一样的风土人情。妙游记，记录旅游过程中的人与景。推荐名胜古迹。
1669271948,大象记账,"简单的一款记录跟与朋友之间的开销平摊应用程序

添加朋友，记录每次与那位好友消费，平摊AA后是多少金额

程序的应用场景可以在学校班级的班费、朋友活动开销、合租房子的房租等等可以AA的场景

不单单记录开销，还可以帮助你，通过朋友之间合作收取的收入，也可以记录下来"
1671507335,WBZ Picture Combination,"- The image combination method and image scale can be combined arbitrarily.
- You can change the color and size of the gap.
- When editing, you can move pictures freely to achieve combination effect.
"
6446064460,ZHW Make decisions,"We always have all kinds of indecisive things, such as where to play on weekends, what to eat at noon, where to travel on holidays, etc. This app can solve your worries and help you form the habit of making decisions easily."
1618755164,快捷录音 - 最简单的录音本,多纪录音本是一款录音记录工具软件，你可以通过录音功能记录自己想说的话以及备注相关的信息
1663317814,天天复习,"天天复习是一款帮助您有计划的复习重要科目要项

打开App快速查看已完成或进行中的科目有计划地进行

快速查找，筛选，添加等功能，祝各位学子早日完成学业"
1669871648,影视知识答题,"是一款影视知识积累测验答题app平时观看过的影片及明星的了解程度进行一个测试，本app自是提供参考测试。入有误请留言开发者进行修改。

使用条款：https://docs.qq.com/doc/DY3R0UXFtbkFJTVpH
隐私条款：https://docs.qq.com/doc/DY3dFZkd0WWNabUtF"
1672342131,WKH-Shult Grid Training,"-The ""Shurte grid training method"" is currently recognized as the most scientific and effective concentration training method.
-In the process of finding the target number, attention needs to be highly concentrated. Through repeated practice, the brain's concentration function will continue to increase.."
1672855667,小黄养车 - 汽车保养记录,小黄养车帮助您记录爱车每次大小保养，添加机油机滤、四轮定位、空气滤芯、汽油滤芯、空调滤芯、变速箱油、刹车油、火花塞等记录，方便您查看距离爱车上次保养的天数，清楚地了解爱车的磨损状况。
1661315467,五笔拆字高手 - 学习五笔助手,这是一款可以学习五笔输入法的助手工具，友好地帮助您把没有理解或忘记怎么输入可以通过本工具去拆解，把部分词语或字保存分类到常用，方便下次的查找。
6446420512,新旧分类器,"新旧分类器是一款非常实用的应用程序，它可以帮助用户轻松地分类、记录和管理新旧物品。

当您购买新物品时，可以使用新旧分类器将其添加到“新物品”列表中。同样地，当您决定将旧物品出售、捐赠或丢弃时，可以将它们添加到“旧物品”列表中。您可以随时查看这些物品的记录，以及它们所属的类别，以保持家庭和物品的整洁有序。"
1666024703,泡泡专案-开销消费预算管家,"可提前预算出门旅游、日常生活、人情份子、每月开销等消费

在记账方面做得精打细算，让自身有计划地进行消费

做好预算专案，了解自身开支情况"
6444275579,ZJF-ZheerJasmineFood,Zheer Jasmine Food brengt dagelijkse voedsel- en restaurantinformatie samen en ondersteunt online tafelreservering. Welkom om te downloaden en te gebruiken.
1637193281,塘与鱼,塘与鱼是集鱼塘管理，鱼塘设备管理，鱼苗管理，供应商管理的统一供应链，更科学和效率的方式，让用户使用一个应用即可完成所有相关的管理工作。
1584296210,房贷计算器-专业按揭购房贷款计算器,"房贷计算器是您购房的好帮手！

它是最专业的买房计算神器！自定义购房利率！

帮你解决购房过程中的各种计算难题！快来体验吧！


订阅说明
1. 订阅价格与周期
您可以在app中订阅“房贷计算器无广告年会员”，订阅价格为¥298，订阅周期为一个自然年(365天)。
您可以在app中订阅“房贷计算器月会员”，订阅价格为¥58，订阅周期为一个自然月(30天)。

2.关于自动续订
App Store官方订阅功能为自动续费订阅，iTunes Account进行确认支付。用户需手动在iTunes/Apple ID设置管理中管理自动续订功能，如果订阅期结束前的24小时内未关闭自动续订功能，订阅周期将会自动延续。

3. 用户协议及隐私政策
用户协议https://www.xkzx.site/ktmfjs.html
隐私政策 https://www.xkzx.site/ktmfjsys.html

4. 取消订阅流程
如果您想取消订阅，请在您的iOS设备上前往“设置”--&gt;选择“iTunes Store与App Store”--&gt;点击“Apple ID”，接下来选择“查看AppleID”，进入“帐户设置” ，点击“订阅”--&gt;“管理”，并选择“房贷计算器”对应的订阅，之后便可取消订阅。"
1672835595,useful robot,"High IQ intelligent chat robot, can accompany you to chat, talk, simply omnipotent ah! Talk to him!

Accurate semantic analysis can correctly identify user intentions

Support a variety of context structure, to meet the needs of continuous and multiple conversations

Based on DeepQA technology, it matches the ability of humans to answer questions

With self-learning ability, the product is getting smarter and smarter"
6445844374,火山计划 - Todo计划清单笔记,"这是一款给突发事情或创作灵感和临时计划需要去记录备注的小伙伴们极洁的计划App

后期我会往添加方便，操作简便，管理简单，界面清新的方向去优化调整

有什么有趣好玩的功能可以及时反馈给我们，我们优先考虑处理"
6445853695,Dog出游 - 个人出行旅游日记,"记录出去游玩旅行中感受的想法，拍摄自然风景事物的美好

约上人海茫茫中与你相遇的人为伴一起出游吧

愿踏遍千山万水，见识美好风光"
6446676263,我的天文观测小助手,天文是一种值得一生拥有的爱好，在天文之路上每个人都能发现无穷的乐趣与惊喜。
6446928608,露营应全,"野外露营是一种户外生活方式，主要出于旅游度假临时在野外搭建的居住营所。
我们的应用作为露营的好帮手，可以帮您解决：
 - 提供露营帐篷的功能和类型介绍；
 - 提供周边主要城市的天气情况以及是否适合露营；
 - 记录您的露营愉悦时刻；
 - 提供指南针及方位显示功能；
 - 警示露营的一些危险意识介绍；
 - 快速地图导示；
欢迎您体验我们的应用，祝您有一个美好的露营户外生活之旅。"
6446271473,时光倒计,"时光倒计是一款便捷易用的计时应用，可以帮助你精确地记录时间。无论是倒计时还是正计时，它都能够满足你的需求。

时光倒计提供了简洁明了的界面，让你轻松创建倒计时和正计时。你可以选择设置一个特定的时间，或者手动输入时间长度。无论是倒计时还是正计时，应用都会提供准确的计时，让你更好地掌控时间。

时光倒计不仅可以用于日常生活中的计时，还可以应用于各种特定场合，例如：考试倒计时、节日倒计时、旅行倒计时等等。你可以随时修改计时器的设置，并在需要的时候重新启动计时器。

时光倒计提供了多种样式和主题，可以让你根据自己的喜好选择不同的样式。同时，它还可以将倒计时或正计时分享到社交媒体上，与朋友分享你的时间记录。

如果你需要一个可靠的计时器来记录时间，时光倒计是一个绝佳的选择。下载时光倒计，让你更好地管理时间！"
6446717132,随手取色,随时随地取色，收藏颜色，可以通过图片取色，拍摄取色，进度条取色，和相机实时取色。
6446815103,口算小达人 - 成为一个数学小达人,这款App是一款专门用来练习数字加减功能的应用。它拥有简单、普通和困难三个难度级别，可以根据用户的水平进行选择。每次练习记录用户的做题情况，对于做错的题目进行标记，帮助用户对自己的错误进行总结和分析。用户可以随时查看自己的做题记录，以便了解自己的进步情况。此外，App界面简洁明了，非常易于操作。使用它可以帮助提高自己的数字加减能力，使您成为真正的口算小达人！
6444096151,零加加,"每个人都应该必备的记录App，随心记录。

零加加App记录生活中每天的精彩时刻，有此记录日后欣赏。app提供多种类型日记。"
6447193403,宠物上门喂养助手,"这是一款工具App,用来记录您的上门喂养宠物记录!
当您接到上门喂养宠物订单时,您可以同步记录需要喂养宠物的信息和主人的信息。您可以实时方便的查看喂养状态,操作简单方便。"
6444692361,存点钱,存钱，那看似很傻，不懂得享受，实则，那不过只是未雨绸缪，其实很有必要。不攒钱，赚再多也只会没有结余。本APP设计各种存钱罐，用于有目的的存钱，让你存钱的动力更强，也可以统计你的收支状况。让你存钱更了然
1623199893,布卡钱包-日常理财记账小助手,这是一款可以用来做存钱计划、理财计划、日常记账等功能的应用App，根据收入去制定存钱计划，并设定定额去加油，还可以计划每日攒，到达自己的目标。
6447505512,飞饼截图,"-提供宫格切图的可能，可以根据选项将图片分成二，四，六，九等份。可以用于用于发表动态，拼接个性画板等场景。
-提供长截图的功能，可以将多张图片按照顺序加入生成新的长图。"
6447351228,全全事项,健忘患者和强迫症患者的福音，帮助你记录某一刻需要做的事，让你不再遗忘或焦虑是不是某些事还没做。记录一些易忘事项，让你的生活更轻松
1638485167,靠谱课代表,"学习专用工具，让学习更有趣。

这是一款学校专用工具，让学生更好的能够进行安排学习，学校课程和考试内容及时安排和知晓。"
6444384259,泰吹跳伞记分,"快叫上你的兄弟开黑吧，一起happy。

一桌好友，在玩游戏的时候制定一个积分规则，记录每局游戏的得分情况，增强游戏性。"
6443931673,指尖便签,"指尖便签，保留您记录的点点滴滴
指尖便签是一款笔记备忘录记录app，通过记录、备忘、展现的方式，让工作与生活更加方便。
支持录入、添加多格式等记录方式；
帮助您随手记事的备忘录小工具。快捷记录待办事项、创意灵感、日程计划等
"
1673528495,工场规划 - 提醒日程待办事项,这是一款作为广大工场的伙伴们简约的规划App，包含了日程和待办事项，用最简约的页面去记录最重要的事项，助您在工场的道路上，越来越顺心！
6447686389,吉高截屏,"-提供网页截图和长文本截图功能
-提供生成网页，文本二维码的功能"
6446197254,时间的计算,- 计算年龄，计算距离时间。将时间细化成年月日时分秒，让时间更具体的呈现出来。
6448275637,芬奇计算,本APP主要是小学算术，加减乘除四则运算，训练孩子的计算能力，可以单独针对加减乘除训练，也可以混合运算以及九九乘法表的训练。主要帮助孩子提高计算能力，开发孩子的脑力
6447907565,摩斯皮皮,这是一款摩尔斯电码转换工具，app界面易于使用，可让您快速输入文本，选择加密方法，并生成加密后的文本。您也可以输入加密后的文本并选择解密方法，然后生成解密后的文本。同时，该应用程序还提供了一些额外的功能，比如复制和粘贴文本，以及分享加密后的文本。
6448005373,小喵账本,小喵账本是一款快速记账类轻应用，它提供了一些内置分类便于您对收入和支持进行分类记录，还提供了预算功能，提醒您有计划的消费，让您对收入支出有一个比较清醒的认知
6447546366,爱挑时刻 - 挑战自我拥抱成功,本app是一款工具助手类App，挑战自我拥抱成功，练习自己的胆量，体验挑战，挑战自我，升华自我
6447167493,我的微笔记,"我的微笔记，让生活更便捷
现代人的工作和生活离不开电子设备，各种电子设备如手机、电脑等已经成为我们日常生活必需品。在这个数字化时代，纸质笔记已经逐渐被淘汰，而我的微笔记则成为了人们记录、存储和分享信息的利器。
什么是我的微笔记？
我的微笔记是一款可以帮助用户记录、整理、分享信息的应用软件。它通过将用户的笔记保存在云端服务器上，从而实现多设备同步和数据备份的功能。无论您使用的是电脑、平板还是手机，在任何地方都可以轻松查看和编辑自己的笔记。
我的微笔记的优势
随时随地进行笔记记录：我的微笔记可以在各种终端设备上使用，只要连接到网络，就能够随时随地记录笔记。
多设备同步&amp;备份：我的微笔记可以同步多个设备之间的笔记内容，保证在任何场合下都能拥有最新版的笔记内容，并且数据会备份在云端服务器上，即使设备失效也不会造成数据丢失。
分类整理笔记：我的微笔记可以通过标签、文件夹等方式，对笔记进行分类管理，让您的笔记更加清晰明了。
多人协作：如果需要多人合作完成某个笔记任务，我的微笔记也提供了多人协作功能，可以让不同用户实时编辑同一个笔记。
数据安全保障：我的微笔记服务商会采用严格的数据安全措施，确保用户数据的安全和隐私。
我的微笔记的应用场景
工作笔记：记录工作中的重要事项、会议纪要、项目进展等信息，方便日后查阅。
学习笔记：记录学习中的重点知识点，整理笔记方便考试复习。
旅行笔记：记录旅途中的感受、见闻，上传照片、视频等资料，方便回忆和分享。
生活笔记：记录生活中的琐事、计划、购物清单等，帮助生活更加有序。
我的微笔记
现代人需要一款高效便捷的笔记软件，我的微笔记是目前最好的选择。随时随地记录和整理笔记内容，多设备同步和数据备份，分类整理笔记，多人协作，数据安全保障等诸多优势，让我们的生活和工作更加方便。"
6447951515,学生录,帮助老师记录自己管理的班级以及学生，让老师管理学生起来更轻松。可以记录学生基本信息，方便老师点名，统计学生考勤情况
6448892260,卡卢疯子,"A Tic Tac Toe game app is a digital platform that allows users to play the classic game of Tic Tac Toe on their mobile devices. The app typically features a simple interface that allows users to quickly and easily start a new game, select a level of difficulty, and play against the computer or other players.

Some common features of a Tic Tac Toe game app include:

Single player and multiplayer modes: The app may offer both single player and multiplayer modes, allowing users to play against the computer or against other users online.

Different levels of difficulty: The app may offer different levels of difficulty, ranging from easy to hard, to challenge users of all skill levels.

Customizable themes: Some Tic Tac Toe game apps may offer customizable themes, allowing users to change the look and feel of the game board and pieces.

Leaderboards: The app may include leaderboards that allow users to compete with others and see who has the highest score.

Statistics and analysis: Some Tic Tac Toe game apps may offer statistics and analysis on a user's gameplay, including win/loss ratios, average time to complete a game, and other metrics.

Overall, a Tic Tac Toe game app is a simple and fun way to enjoy the classic game on the go, and can be a great way to challenge yourself or compete with others."
1665560479,双面拼图,"一款很耐玩的手机拼图游戏，拼图游戏是一款很经典的益智类游戏，它变化多端，给你带来无限的想象与乐趣。

数字的乐趣与奥妙是无穷的，只有当你深入了解之后你才会发现它的魅力。在该游戏中只要简单的滑动指尖移动数字面板，用最少的步数以及最短的时间将棋盘上的数字方面按照数字顺序从左至右从上到下排列齐整。
1. 两面拼图 难度更高，趣味性更好。

2. 你可以在空闲时间自由玩耍，在空闲时间锻炼你的大脑!

3.这里有5种不同的模式和大量的关卡，绝对会让你玩一段时间!

4. 每个模式都可以体验很多不同的内容，精心设计的关卡，适中的难度哦!"
6448664320,喵的工具箱,"这是一款有着垃圾分类查询、汇率计算器、油价查询、热量计算器和百度百科一体的工具箱，无论你是在家或外出，这个工具箱可以为你提供一系列的实用工具，让你的生活更加便捷。


-垃圾分类查询轻松查找全国各地的垃圾分类规定，并学习如何进行垃圾分类
-汇率计算器可以帮助你快速计算货币的汇率，方便出国旅游或者进行跨境交易
-油价查询功能可以让你了解当前市场的油价走势，以便及时做出理财决策
-百度百科功能可以让你随时随地查找任何你想了解的事物的详细信息"
6448216428,天文观测录,"变身方式： 进入软件首页点击右上角“+新记录”，在拍摄名称栏输入“我想看电影”，然后点击右上角“发布”，接着软件会自动跳转到神秘界面。

天文观测录是一款天文爱好者的辅助工具APP，可以帮助用户建立天文观测档案，基于地图显示拍摄天文位置信息，方便后续分享给其他人。"
6448846514,红换蓝,欢迎来到我们的红蓝调色板世界。在这款令人入迷的益智游戏里，你需要透过过滤镜来调整红色和蓝色像素各自的位置，以便使得所有像素变成同一种颜色。这个游戏的关卡越来越难，有些会考验你的姓名，甚至会使你喜欢上像素。酷炫的音乐和美妙的声效会让你感觉非常愉悦。你准备好在这个像素世界里迎接挑战了吗？ 来吧，开始调整吧！
6448260551,智慧门禁-超便捷,智慧门禁，不用钥匙也能开门，心动了吗？
1627182951,橙青,橙青二维码，将为你提供二维码多种生成模式，如名片、条形码、WIFI、语音、视频、文本、网址、短信等二维码。同时还有二维码图片解析服务。
1595054267,花花清理,"截图、视频、联系人快捷整理，整理无负担！

基于AI智能算法识别相似或重复的照片，帮助您快速筛选并删除无用的东西。它也支持清理手机中的视频、截图、连拍等。
"
6446104538,我的宝宝计划,"我的宝宝计划是一款专业的宝贝记录软件，也能以照片的形式将宝宝成长中的开心事情记录下来。

我的宝宝计划app可以帮助您监控您的宝宝的发育。它可以帮助您按照宝宝的睡眠模式：多久，他们睡觉，他们是否保持调度。母乳喂养：多少和多久你的宝宝吃。抽水进度。换尿布。此外，你可以保持您的宝宝的健康的记录：温度，疾病，接种疫苗和看医生。添加对宝宝的情绪和重要事件，如笔记：第一句话，第一次笑，重量，长度和头部大小等记录更改。

主要跟踪特性：

*喂养（乳房，瓶或婴儿食品）

*换尿布

*睡眠，活动和情绪变化

*吸奶器调度

*对医生的访问和预防接种额外票据

*添加更改尺寸和重量

*添加照片和评论事件

*方便的布局和组织日记和笔记

"
1621682678,爱追星 - 明星社区,汇聚多个地区的明星，方便用户查看明星的全面资料，可以关注自己喜欢的明星，爱豆动态，抢先知道。
1672833880,MYL-Interview,"1. Provide knowledge points of job hunting skills.
2. Manage resume documents.
3. Manage the status of multiple interviews and remind them in advance."
6446821745,简繁转换-便捷的简繁转换加中文大写转换,中文简繁转换，中文人民币大写转换
6448296561,拼图-宫格,"-支持多种宫格模型
-支持图片的不同比例
-可以高度自定义拼图效果"
6448886574,五四三保养,"五油四滤三水分别指的是：

1、五油指机油、转向助力油、变速箱油、离合器油和刹车油；

2、四滤指机油滤芯、空气滤芯、空调滤芯和汽油滤芯；

3、三水指玻璃水、冷却水和电池水。


五四三保养是整合了汽车保养中必须品和需要经常换的，掌握了五油四滤三水的保养秘籍，可以达到轻松养车，懂车，爱车。"
6446791342,多彩色卡,色卡是自然界存在的颜色在某种材质上的体现，用于色彩选择、比对、沟通，是色彩实现在一定范围内统一标准的工具。
1604699217,拼拼手机助手,"这是一款能帮助您更了解您设备的应用，包括设备的信息，相册里的重复照片等，
与此同时我们提供了一些便捷的功能例如：处理模糊与相似的照片，合并重复联系人信息等

「个性化功能」
相似照片：智能识别相册里面的相似照片，清理多余的照片，让您的相册不臃肿。
重复照片：一键删除重复的照片，让你的相册更干净。
重复视频：一键删除重复的视频，让你的相册更干净。
快速清理：滑动手势清理，方便快捷，上滑保留、下滑删除、一键撤回。
过期日历：自动归类过期日历事件，快速清理，让手机更加整洁。
过期提醒：自动过滤过期提醒时间，一键删除，手机轻松变干净。
通讯录整理：智能识别重复通讯录，快速合并、清理让你的通讯录变的条条有理。"
6448278646,和马图文,-根据图片情景分类，编辑心情图文，以图达情，以文抒意
6448967130,哈文旅途,"Dit is een zeer geschikt seizoen, je kunt volop genieten van de ontspannende reis, je gelukkige reiservaring delen en ook meer te weten komen over het landschap van verschillende plaatsen, de reisstrategieën van andere mensen bekijken en deelnemen aan online discussies."
6448913586,福伯礼金,福伯礼金是一款更贴近中国人情礼金的app，提供礼金计算，聘请客人分类，每次邀请的客人可选的功能。更有利于管理人情礼金。
1637042566,小磊记录-一键管理密码,"手机必备的好用软件，帮您快速查看周围Wi-Fi热点。

隐私政策:https://www.freeprivacypolicy.com/live/2caf03b5-e7fc-4686-9e52-0ff19525e5c2
服务协议:https://www.freeprivacypolicy.com/live/15f30132-14af-4b1e-92a2-79694b5dc1d6"
1645236455,BMG - Blue Mist Garden,"Blue Mist Garden is the world of flowers and plants. You can record the flowers cultivated by yourself, record his growth, and share their beauty with friends"
6446716671,芙兰,"Meer planten weten? Kan je altijd niet meer vlees kweken? Dan moet je Furlan installeren. Furlan zal regelmatig foto's van planten toevoegen, zodat je meer te weten kunt komen over bloemen en planten, maar ook de schoonheid van bloemen en planten kunt delen met je vrienden."
6444120796,苏苏九宫格切割,"苏苏九宫格是一款专业为热爱剪辑之人打造的视频剪辑软件，专注于视频剪辑，视频编辑等领域，在应用里您可以快速剪辑，分割视频，也可以进行添加字幕，音频剪辑等，帮助您快速剪辑出您喜欢的热门视频。

视频裁剪 - 任意剪切视频需要的部分
视频拼接 - 多段视频合成一段
视频变速 - 0.1倍至8倍变速，极致变速体验
视频特效 - 多种专业风格滤镜效果，改变视频风格
"
6443936270,十字文件管理,十字文件管理一款专业的文件管理工具，可以有效帮助您管理各类账号密码、照片和视频、通讯录，让您安全的浏览自己的信息，为您的文件保驾护航。
6448616185,菲斯爱宠,生活水平越来越好，宠物成为我们生活的一部分，宠物丢失、寻回也逐渐成为常态。菲斯爱宠希望能够在此处帮助到大家，他支持线上发布宠物丢失或寻找信息，还有也可以发布流浪宠物信息，帮助那些丢失宠物的人找回宠物
6449034444,新闻阿拉,"Introducing our  news application, designed to keep you informed, engaged, and up-to-date on the latest happenings around the world. With an intuitive user interface and powerful features, our news app revolutionizes the way you consume news, delivering a personalized and immersive experience tailored to your interests."
6448907386,千晴文字,一款训练你的眼力，考验你的耐心的趣味小游戏，你需要从众多相似的文字中找出不同的一个文字，有时间限制，超时则失败，更有双人对战模式，增加游戏趣味性。
1658603537,小熊保险箱,"您的私人专属保险箱，帮您存储比较重要，健忘的信息。比如周末去医院复诊，需要提前准备的材料，以及存放的位置，让您不用再为找不到某些文件发愁，世界杯期间，添加足球模块，帮助你存放您认为的精彩进球瞬间。

您的私人专属保险箱，帮您存储比较重要，健忘的信息。比如周末去医院复诊，需要提前准备的材料，以及存放的位置，让您不用再为找不到某些文件发愁，世界杯期间，添加足球模块，帮助你存放您认为的精彩进球瞬间。"
6449525082,动态码 - 会动的二维码,动态码APP是一款可以创建动态的二维码的APP，你可以创建一个会动的二维码，发送给你的好友，可以是任意内容，可以修改二维码的细节，支持历史查看创建的二维码，支持扫描二维码查看内容。
6449456884,吉光存钱,省钱才能存钱，吉光存钱是一种新的存钱思路，从过设定一个时期的消费额度，控制每天的消费，以达到存钱的目前。
6449455990,饭前喝水,水人体中必需的成分，可以增加身体的代谢，所以在平时中要多喝水。本APP帮助你规划你的喝水时间，在需要喝水时及时提醒。并可以帮你统计最近喝水量的变化，让你及时调整每日喝水量。
6449272488,叶千,一叶一菩提 一花一世界 品味生命成长的过程，见它长叶，见它开花，见它凋零 。欢迎下载使用本应用，与植物为友。
6447249454,榜印 - 亲子互动，相伴成长,"活力亲子园,快乐你我他。

与子同乐,相伴成长。

知识乐中求,好玩更好学

一款亲子互动App，带给你不一样的亲子互动体验"
6449193759,河豚卡包,"河豚卡包是一个管理多张卡的快捷小工具。

通过银行卡管理，让银行卡不用随身携带，方便记录卡号。

优惠券功能管理常见的各种卡券，为您提供更快捷使用体验。"
6449936830,数学快问快答,相信在使用《数学快问快答》之后，小朋友一定会对数学保持更高的热情的，并且还可以在闲暇之余锻炼自己的数学水平。
1572383342,青提计算器-2023购房贷款计算器,"本应用是一款买房计算工具！
一款集商业，组合，公积金购房于一体的app，帮助你解决购房过程中计算难题！

功能特点：
• 精准计算功能：定期更新贷款利率！
• 一键计算功能：操作简单,上手容易！
• 计算方式功能介绍：一键切换，详细列表！
• 多种购房方式：商业，公积金，组合购房多种方式！
• 显示还款信息：每月本金，利息，剩余本金清晰排列，还款信息一目了然！


【订阅说明】
1. 订阅价格与周期
您可以在app中订阅“房贷计算无广告会员版”，订阅价格为¥198，订阅周期为一个自然年(365天)。
您可以在app中订阅“房贷计算尊贵月会员”，订阅价格为¥43，订阅周期为一个自然月(30天)。

2.关于自动续订
App Store官方订阅功能为自动续费订阅，iTunes Account进行确认支付。用户需手动在iTunes/Apple ID设置管理中管理自动续订功能，如果订阅期结束前的24小时内未关闭自动续订功能，订阅周期将会自动延续。

3. 用户协议及隐私政策
用户协议https://www.freeprivacypolicy.com/live/3adf8770-4472-4ff4-b482-751d2c6f9499
隐私政策 https://www.freeprivacypolicy.com/live/7a995d5f-12a2-4c47-8f5b-074686803d48

4. 取消订阅流程
如果您想取消订阅，请在您的iOS设备上前往“设置”--&gt;选择“iTunes Store与App Store”--&gt;点击“Apple ID”，接下来选择“查看AppleID”，进入“帐户设置” ，点击“订阅”--&gt;“管理”，并选择“房贷计算器”对应的订阅，之后便可取消订阅。"
6448768474,随心剪辑,本App简单明了分享视频剪辑知识，内容丰富。使用者可以快速入门使用。无需注册使用。
6448004665,随机-随机生成,随机生成幸运数字，密码，和颜色。提供灵感和更多可选择资料。
6449406009,决定事情,"1，将两个决定的理由分别写下来，并进行程度分析，最终得出总程度数值。
2，每条理由的起始程度值是5，范围是1~10，根据理由所占比重而定。
3，主要将犹豫不决的事情写下来，其实决定就已经显而易见了。
"
6447638287,足球技能训练小帮手,足球技能训练小助手是一款复制app，帮您提高您的足球水平，添加你自己想要学习的足球技能，然后每天提醒自己训练，你就会每天看到自己的足球水平提升，下来下载吧！
6449990553,希里卡洛,"ShayriKaro offers an extensive library of curated shayri collections in various  themes, and moods. Whether you seek romantic verses, philosophical musings, or heart-wrenching emotions, the app has a diverse range of categories to suit every taste and mood. Users can explore and discover their favorite pieces, creating personalized collections to revisit whenever inspiration strikes."
1671100816,美美手账,"[产品简介]

帮你高效记录每一天的收支账单情况，轻松完成收支目标管理。可以提高你在学习、工作、生活中的效率和乐趣; .是你高效办公、目标管理、习惯养成、便捷生活的得力助手。

[产品功能]

记账计划:记录每日账单，可随时编辑提醒，高效管理任务;

饼状视图:每天的记录一目了然，做到更规律更高效率的生活和工作;

智能提醒:快速设置待办提醒，重要的事情绝不错过。"
6448983942,毛孩子日常,"记录毛孩子点点滴滴，对于新晋铲屎官尤其适合，能够从各方面规划毛孩子的生活，既省力又省时，再也不担心照顾不好毛豆这种幼稚的问题啦

给各位毛孩子的妈沫和爹滴毛孩子日常app，不管你是养宠达人，还是新晋铲屎官，都特别好上手
尤其是对我这种新手来说，简直是救命福音啊，我以前一直想养一只小柯基，但是怕照顾不好，就屡屡没有实现。 终于，小柯基毛豆来到了我的怀抱，有了宠日常，我也没什么好担心的啦！
它的功能超级多，设计的十分人性化，足以让你把毛孩子照顾好啦！
可以记录宠物的日常生活。
它可以从喂养、健康、卫生三个方面通过文字或者照片记录毛孩子的日常生活，并生成详细数据。
最重要的是，它可以设置提醒，给毛孩子剪指甲、铲屎、打疫苗，洗澡澡的时间，这是令很多铲屎官都头疼的问题，他会在设置的时间后，贴心的给各位铲屎官发送温馨提示。
对于我这样记性差的，我最怕就是耽误我们家毛豆打疫苗啊，驱虫啊的重要时间。 这样啊，在工作繁忙的时候也可以周到的照顾毛孩子啦！
"
6447990604,幸运球衣推荐,这款记录约战并抽取幸运球衣的应用程序是一款方便的工具，可以帮助您在打球的时候，随机抽取一件幸运的球衣，并记录您的约战。您可以通过添加您自己的球衣来丰富球衣库，确保您的球衣选择更加多样化。
6449989942,七河雨,"Jamie's Restaurant har en samling av ulike retter, og plattformen vil oppdatere mer enn et dusin retter hver dag. Du er velkommen til å bestille bord og retter. Etter bestilling vil restauranten bekrefte reservasjonen med deg i tide."
6450149643,万能文字转换器,"感谢您使用我们开发的文字转换器

我们为您带来了以下五项实用而有趣的文本转换功能：

- 使用我们的简繁文字转换工具，您可以轻松地将简体中文转换为繁体中文，或反之亦然。这一功能对于经常接触中文的用户来说，非常实用且方便。

- 我们的火星文转换器可以将普通文本转换为富有乐趣的火星文。无论是在聊天还是逛菜市场，这款工具都可以将文本增添趣味。

- 我们的汉字拼音转换器可以自动将中文文本转换为对应的拼音。对于正在学习中文的用户，或者需要准确标注语音的用户而言，这款工具就是您必不可少的好帮手。

- 我们还为您提供汉字偏旁拆分的功能，这可以使您更好地理解中文。您可以轻松拆分汉字，查看每个偏旁的含义和组合方式，从而更好地掌握汉字的结构和含义。

- 我们的莫斯编码转换器可以帮助您将普通文本转换为莫斯编码。对于无线电通信爱好者和需要传递保密信息的用户来说，这一工具非常有用。

我们相信，这款App将为您提供便利和别样的乐趣！我们期待您的下载和使用。"
1635506680,去骑自行车 - 骑行圈分享社区,"致力打造骑行爱好者的聚集地，让更多的骑友参与其中，自由组织结队骑行，分享骑行经验、骑行技巧、装备推荐、骑行线路攻略，让更多人参与分享骑行,传递快乐!"
6443985134,星星万年历-专业老黄历农历运势工具,"专业实用的天气日历农历查询工具，为您提供万年历查询、日历查询、公历农历转换、精彩资讯、日程记事、节日节气、生日提醒等实用功能。

日历：万年历、农历、黄历宜忌、吉日查询；
提醒：日程、生日、待办事项、纪念日、提醒；
天气：24小时天气、15日天气早知晓，空气质量、感冒穿衣生活指数一目了然；

"
6450257693,华彩方格,"舒尔特方格是一个非常简单且有效的科学练习注意力的方法，本APP提供舒尔特方格练习法，从简单到困难，提高你的注意力。
玩法介绍：在规定时间内，按顺序点击对应的方格，游戏时间越短，注意力越集中
多多训练，提高你的注意力"
6449263712,派萨管理,"Introducing ""Paisa Management"" - the ultimate paisa management app designed to help you effortlessly track and manage your finances. With ""Paisa Management"", you can take control of your money and make informed financial decisions.

Key features of MoneyWise include:

Expense Tracking: Easily record and categorize your expenses on the go. MoneyWise allows you to track your spending patterns and provides insightful visuals, helping you understand where your money is going.

Budget Planning: Set personalized budgets for different categories and track your progress. MoneyWise provides timely notifications and alerts to keep you on track, ensuring you never overspend.

Bill Reminders: Never miss a payment again! MoneyWise sends you reminders for upcoming bills and due dates, helping you stay organized and avoid late fees.

Savings Goals: Whether you're saving for a dream vacation or a down payment on a house, MoneyWise enables you to set and monitor your savings goals. Track your progress and stay motivated as you watch your savings grow."
6450254665,摩斯背景图,摩斯密码是通过不同的排列顺序来表达不同的英文字母、数字的一种编码方式，《摩斯背景图》可以为您生成提供独一无二的专属摩斯密码背景图。
6449970310,恋爱小事儿,"记录我们之间的点滴滴滴

「恋爱小事儿」
记录我们恋爱的瞬间

【纪念日】记录我们在一起的每一个纪念日，我们的恋爱瞬间

【情侣攒钱】存下我们的恋爱小金库，规划我们未来的旅行计划

【日常开销】记录生活的点点滴滴，日常开销随时随地都可以记录
"
1670658170,幸运小草 - 抽签决择幸运小助手,"幸运小草是一款当你犹犹豫豫的时候，帮你做决择或抽签

内置了随机数、躲猫猫、排列抽卡、自定义随机、随机密码、双向选择等决择小工具

后期我们会更新更多决择小工具，幸运来咯～"
6448837211,体重足迹,"主要功能：
1、轻松记录每日体重与目标体重
2、体重列表、趋势线方式为您展示减肥进展"
6450437806,杰森酒店,"De grootste hoofdpijn tijdens het reizen is het oncomfortabele leven. JHB - Jhon Hotel Booking zal elke dag vele hoogwaardige hotels en gastgezinnen updaten, zodat u deze vooraf kunt selecteren. U kunt de kamerbeoordelingsinformatie op de detailpagina bekijken of rechtstreeks contact opnemen met de winkel voor reservering overleg, of u kunt direct een kamer reserveren via de app. Ons doel is om meer informatie te verzamelen voordat u een hotel of gastgezin kiest, en vervolgens de beste te selecteren en een kamer te boeken waarmee u tevreden bent."
6450564442,婚礼预约记,记录客户婚礼预约情况，包括婚厅选择情况，服务项目的选择情况，以及所交定金和总金额等，从而方便管理。
6450447042,保全修车,"Vi vil gerne promovere vores tjenester gennem RCF - Reserve Car Fix-appen. Nu hvor der kommer flere og flere biler, vil store og små problemer ofte forstyrre din normale rejse, hvis din bil støder på problemer, hvad enten den er på vej eller er ankommet til destinationen, kan du kontakte os gennem vores app, og vi vil Ifølge de oplysninger, du giver, vil vi give dig passende vedligeholdelses- eller vedligeholdelsestjenester i nærheden. Vi giver en oplagt feedback-metode i den midterste knap i bunden af ​​appen. Du er velkommen til at give os værdifulde forslag eller kommentarer."
6449516699,方奇文字,方奇文字，一款用于统计文章字数，查找文章中重复字段，计算两文章重复率的APP。界面简洁，操作方便，如有任何问题请及时反馈
6449695297,SleepLife Helper,"Uygulamamız görsel efektlere sahip bir uyku yardımı uygulamasıdır. Göz yorgunluğu ve uyku yardımcıları için çok sayıda hareketli resim topladık. Elbette herkesin uyku indeksi farklıdır ve birkaç farklı fotoğraf denemeniz gerekebilir. Hala çalışmıyorsa, bu bir uykusuzluk sorunudur. Lütfen tedavi ve muayene için profesyonel bir hastaneye gidiniz."
6450296777,专属艺术名字设计,"这是一款辅助工具App。
您选择一款你比较中意的艺术文字，然后点击进入设计艺术名字。
你还可以自定义艺术名字的颜色，让你的艺术名字更有特色，你还可以保存到相册或者分享给你的朋友。
是一款非常好用的App，快来下载或者推荐给朋友吧！！"
6450728245,婚服租用记,一款为婚纱店设计的app，帮你记录店里婚服信息，以及客户婚服租用情况，按天、按月筛选使得每月和每天的租用情况一目了然。
6450894734,燃油计算,"燃油计算是一款功能强大的应用程序，旨在帮助用户根据不同的参数计算燃油费用，并提供有关燃油的科普知识。无论是长途旅行还是日常通勤，这款应用都可以帮助用户更好地了解和管理他们的燃油消耗。

以下是该应用程序的主要功能和特点：

1. **燃油费用计算器**：用户可以输入相关参数，如行驶距离、燃油效率和当前油价等，应用程序将根据这些参数计算出预计的燃油费用。这有助于用户预估旅行成本或者对日常行驶进行预算。

2. **参数优化建议**：应用程序可以根据用户的行驶习惯和车辆状况，提供优化建议以减少燃油消耗和费用。例如，它可以建议适当的车速、轮胎气压、引擎保养等，以提高燃油效率并减少燃油消耗。

3. **燃油科普知识**：应用程序还提供丰富的燃油科普知识，涵盖燃油类型、燃油燃烧原理、节能驾驶技巧等方面。这些知识可以帮助用户更好地了解燃油和车辆的关系，以及如何采取措施降低燃油消耗和环境影响。

4. **用户个性化设置**：应用程序允许用户进行个性化设置，如货币单位选择、燃油效率单位、燃油类型等。这样用户可以根据自己的偏好和所在地区进行定制，使应用程序更符合用户的需求。

总之，燃油计算是一款实用的应用程序，不仅可以帮助用户计算燃油费用，还提供了有关燃油的科普知识，让用户更好地管理和优化燃油消耗。无论是长途旅行还是日常通勤，这款应用都是您的得力助手。"
6450836982,美食足记,美食足记--记录自己每一次的美食打卡的城市、店名、店面地址，到店日期、美食图片，以及对美食进行评价，并标记以后还会不会再去。
6450872959,私人密码,"私人密码 是一款简单的私密数据管理工具，包括支持密码存储与卡片信息存储

私人密码 是一款简单的私密数据管理工具，包括支持密码存储与卡片信息存储

- 密码与卡片信息管理
- 支持指纹解锁软件
- AES256位加密
- 支持从csv文件中导入或导出为csv文件
- 支持从Chrome中导入密码
- 支持从剪贴板中导入密码
- 文件夹与标签功能
- 收藏功能
- 备注功能
- 密码生成器
- 多选编辑功能
- WebDAV同步功能
- 加密密钥更新
- 自动切换主题"
6450763904,生成大喜报,还在为喜报不知道如何生成而发愁吗？该app彻底帮你解决这方面的问题，众多背景供您选择，同时有众多喜报logo供您选择，并能将生成的喜报一键保存到相册。
1633782549,失物招领-互帮平台,为失物者和拾物者提供平台，最大程度的帮助更多的人找到丢失的物品。
1592408317,录音机-录音转文字语音备忘录音软件,"录音机一款专业随身的录音软件，简单的语音及iOS设备的通话录音机。用它来录制高质量的录音语可用于讲座，音乐和歌曲等。专为所有人设计。

【多场景录音】
◆ 学生：课堂录音，可以协助记录重要知识点，方便课后复习.
◆ 记者：各类采访，实时录音问题，采访结束，采访稿也能立即输出。
◆ 商务洽谈：业务洽谈，商务谈判，全称录音，方便后续整理关键信息。
◆ 公司职员：各类会议内容，可以将录音语音转成文字，轻松搞定会议记录。


Ps:录制质量受设备麦克风的限制。

-订阅周期：12个月 (专业随身录音机无广告年会员)，一月 （随身录音机无限制使用月会员）。
- 订阅价格：月度产品为每月53元；包年产品每年298元
                    订阅按月、年度收费，费用视所选订阅计划而定
-确认购买时会从 iTunes 账户扣款。
-续订：苹果iTunes账户会在到期前24小时内扣费，扣费成功后订阅周期顺延一个订阅周期，您可以在当前订阅结束 24 小时前关闭自动续订，否则将自动续订
-用户可以管理订阅，购买后可以前往用户账户设置关闭订阅。
-当前订阅结束前 24 小时内会从您的账户扣款续订，费用取决于您选择的计划。

服务协议：http://juziluyin.other1.site/fuwu.html
隐私政策： http://juziluyin.other1.site/yinsi.html

"
1665463512,Fun 时刻,"此APP目前主要为图片编辑功能
1. 拼接长图
2. 海报
3. 多宫格展示
4. 获取本地相册且是本APP编辑保存过得内容；
5. 下个版本增加本地视频播放功能"
6447546661,影视快答题,"影视快答题应用是一款提高影视知识的问答类应用。用户可以在该应用中挑战各种类型的影视问题，例如电影、电视剧、动漫等，根据自己的知识水平进行回答。此外，应用还提供了相关解析，帮助用户更好地理解和掌握相关的影视知识。
通过使用影视快答题应用，用户可以在娱乐的同时提升自己的影视知识，增加对影视作品的理解和欣赏。

影视快答题应用是一款针对影视知识的问答类应用，用户可以通过该应用测试自己的影视知识水平，并且在使用过程中逐渐提高自己的影视知识。

该应用通常会提供各种类型的影视问题，包括电影、电视剧、动漫等，用户需要根据自己的知识水平来回答问题。同时，该应用还会提供一些解析，帮助用户更好地理解和掌握相关的影视知识。

使用影视快答题应用可以帮助用户在娱乐的同时提高自己的影视知识，尤其适合喜欢影视娱乐的人士。"
1599950052,韩剧TV-韩圈韩剧大全,"韩剧tv就是你要的那个APP.

在线搜索你爱的剧集.

收藏你爱的剧集随时打开随时看.

缓存剧集只要缓存住没网络也能看.

即时推荐最新的你钟爱的剧集给你."
6450794077,找不同合相同,拥有两种玩法，找不同锻炼小朋友的辨认分辨能力，物品图片合并消除帮助小朋友学习归类合并和对各种物品的图形认知。
6450855214,火影迷大问答,火影冷门知识问答，能答对一半的都是骨灰级火迷！验证你是不是资深火影迷的好工具，快来测试一下你究竟是不是一位资深的火影迷。
6450494267,易水成长计划,易水成长计划是通过个人账户通过计划消费进行支出管理的目标。通过设定目标并实现这些目标，我们有一定的时间在消费之前思考是否需要消费。同时，它还帮助每个人优化支出，使个人资金更接近必要的支出。下载应用程序以获得更多体验。
6447390435,指尖助手-健康用药小工具,"旅行必备，fun时刻，用药记录小工具！
我的药箱,添加常用药品与管理实时记录家庭备药情况
家庭成员,随时了解家庭成员健康状态
体脂率查询,实时了解家庭成员体重健康是否超标
用药记录,实时关注家庭成员生病后及时用药与提醒
"
6450751234,看物拼字词,有趣的点击声音，帮助小朋友认识动物与水果，同时还练习学习了基本的单词。让宝贝轻轻松松爱上单词练习。
6451237634,小布代驾册,"为代驾的朋友提供一个分析的平台，让你在不同平台接单的同时，可以帮你看到自己的收益权重，每单行驶的里程数以及花费的时间。

为代驾的朋友提供一个分析的平台，让你在不同平台接单的同时，可以帮你看到自己的收益权重，每单行驶的里程数以及花费的时间。"
6450161982,大眼旅游随记,"保存您每次旅游的精彩照片和旅游主题等信息。提供的热门旅游地点的推荐，让你随时随地可以记录您的旅游信息。

保存您每次旅游的精彩照片和旅游主题等信息。提供的热门旅游地点的推荐，让你随时随地可以记录您的旅游信息。"
1533237016,青蛙视频 - 视频编辑制作神器,"全新的视频体验

【视频裁剪】一键制作与众不同的视频，打造您的专属Vlog

【视频字幕】导入的小视频添加文字等，让您的视频增加趣味

【图片功能】制作视频时加入图片色彩，呈现不一样视频作品

【音乐搭配】在拍摄的小视频添加音乐，配上背景音乐更动听"
6450675026,到店预约宝,专为店主设计的预约信息管理工具，方便店主管理更改登记客户的预约信息，进行合理的时间安排。
6450647392,大胆表白,"爱就大声说出来，快点向自己心中的TA大胆表白吧。
在输入框内输入自己的表白内容，选择自己喜欢的背景图片，一键生成图片分享给TA，希望你的真诚能成功打动TA。
"
1658238633,变声器-游戏开黑实时语音变声软件,"变声器是一款集游戏开黑、聊天语音变声为一身的音频处理工具，内含海量精品语音包，多种实时变声特效，是您生活中必备变声助手！

- 采用全新变声算法来实现变声，效果更丰富自然
- 支持多种变声效果，可爱音、大叔音、搞怪音，百变音效，自由切换
- 海量语音包资源，逗趣、魔性、搞怪、等多种风格，即下即用！
- 支持高品质原声录音，自定义属于您自己的变声语音包
- 喜欢的录音、变声加入收藏夹，一键分享导出，方便快捷


【会员订阅服务说明】
● 服务:会员订阅按月 或 年度进行订阅。
● 价格：订阅价格取决于您选择的订阅套餐，以实际订阅价格为准。
● 付款：用户确认购买并付款后计入iTunes账户。
● 续订：苹果iTunes账户会在到期前24小时内扣费，扣费成功后订阅周期顺延一个订阅周期。
● 取消续订：打开苹果手机“设置” -&gt; 进入“iTunes Store 与 App Store”-&gt;点击 “Apple ID”，选择""查看Apple ID""，进入""账户设置""页面，点击“订阅”，选择该应用取消订阅。如在订阅期结束的至少24小时前关闭订阅，此订阅将会自动续订。

隐私网址：https://www.freeprivacypolicy.com/live/c895851d-8e96-4f23-9fd7-96f9632ca5f4
服务网址：https://www.freeprivacypolicy.com/live/a98d80ed-7906-4196-a456-870066525bd2"
6450620752,小隋爱秒杀,"是否担心购买的物品价格过高，是否担心错过了心仪物品的秒杀时间。这是一款帮助你记录您在双11，618等活动需要购买物品的软件，然后用数据图帮您分析出商品在不同平台的价格优劣势。

是否担心购买的物品价格过高，是否担心错过了心仪物品的秒杀时间。这是一款帮助你记录您在双11，618等活动需要购买物品的软件，然后用数据图帮您分析出商品在不同平台的价格优劣势。"
6451105249,对流星许愿,"一颗流星飞速划破天空,闪闪的一瞬,照亮整个天宇,尚未被看得清楚,流星便已转瞬即近,消失在了黑色的夜幕中,空留给天空一道完美的裂痕。
听人们说，对着流星许愿，会很灵验，赶快来试试吧！"
6450892900,农作帮,"农作帮是一款专注于农业领域的应用程序，为用户提供丰富的农业相关信息和服务。无论您是农民、农业从业者，还是对农业感兴趣的人士，农作帮都能满足您的需求。

农作帮注重用户体验和信息质量，所有提供的信息均经过严格筛选和审核，确保信息的准确性和可靠性。我们致力于为用户提供优质的农业信息和服务，帮助您在农业领域取得更好的成果。

无论您是想了解农业知识、寻找农业市场动态，还是需要解决具体的农业问题，农作帮都是您的理想选择。下载农作帮app，开启您的农业之旅！"
6449417836,小蛾倍珍-物品保质期管理,"小蛾倍珍是一款快速记录保质期的提醒App.

食品，饮品，药品，化妆品等大范围的物品提醒有效期记录

让你的饮食，作息，工作涉及到日期系列的都有安全保障!"
6458441765,惠仟佳物业,真情服务，以人为本，惠仟佳物业希望能够给你提供更好的更便捷的服务，弘扬社区文化、提供线上服务申请，停车预约功能，欢迎下载使用。
6456409092,看旗识洲,"看旗识洲，用户通过展示的国旗图片，选择其对应国家所在的大洲。
同时app内有国旗列表，展示了各个洲所有的国家（国家名称和国旗），希望你能通过这个界面掌握各个国家所在的大洲信息，以及每个国家的国旗。
这款APP能够帮助用户更加便捷地掌握各个国家国旗，以及所属的大洲，为用户的学习和探索提供了便利。"
6453693553,员工帮帮棒,"""员工帮帮棒""具有直观的用户界面，使您能够轻松地添加、编辑和查看员工个人资料。您可以记录员工的基本信息，例如姓名、联系方式、部门和职位，这样您就可以方便地快速找到所需的信息。此外，您还可以添加自定义字段，以满足您特定的员工信息需求。
无论您是一个创业者、管理者、人力资源专员还是团队领导者，我们的app都将成为您生活中不可或缺的助手。让我们的app帮助您更好地管理和组织您的员工，提高效率和团队合作！"
6452586981,每日心情蛙蛙,心情蛙蛙是一只“丑丑”的小青蛙，它会根据你每天的心情变化自己的颜色，只需要你告诉它你今天的心情如何，你就会得到一只专属的今日心情蛙蛙。
6450163400,美切切,视频，图片，裁剪工具，简单方便易上手使用。
1636266226,字体大全-手机字体下载安装app,"本应用是一款多样字体类型的APP，海量字体类型供你选择，是您必备的专业字体APP。

主要功能：
每款字体都设计了在线预览图片，无需下载、方便快捷。支持多种字体。
一键收藏您喜爱的字体。
字体安装成功后可一键导出。


"
6454558856,掌上排座表,"掌上座次表是一款功能强大、易于使用的座次管理应用程序。无论是班级排座，企业内部会议、社交聚会还是婚礼上的餐宴，这个应用程序都能够轻松地管理您的座次表。它的功能包括：

座次表管理：您可以轻松地添加、编辑和删除座次，并在需要时允许多次编辑。

实时调整：掌上座次表支持实时调整功能，您可以轻松地对座次表进行实时调整，确保座次表的实时性和准确性。

截图保存：您可以一键对座次表进行截图保存，方便分享给他人。

总之，掌上座次表是一款功能丰富、操作简单、可定制性高的座次管理程序，是您管理座次表的理想选择。"
6455259598,火车票夹,"火车票夹APP，旨在让用户可以通过手机方便地记录和查询自己或家人亦或朋友所有的火车票信息。

使用该APP，用户可以将车票信息添加到火车票夹中。火车票夹提供了车票信息的详细页面，包括出发地、目的地、乘车人名字、车次、座位号、出发日期等，并且可以定制车票的背景色和插图。

此外，使用该APP可以实现火车票保存功能，用户可以将自己的火车票生成图片保存到相册里面。"
1632377710,多来喝茶-喝茶泡茶时长提醒,"多来喝茶是一款给爱泡茶、喝茶、泡咖啡、制作奶茶的人用来泡茶计时、泡咖啡计时、制作奶茶计时,计时设置与提醒，下次直接打开即可根据自己设置的泡茶时间、奶茶制作时间、咖啡制作时间去品茗啦~

多来喝茶是一款给爱泡茶、喝茶、泡咖啡、制作奶茶的人用来泡茶计时、泡咖啡计时、制作奶茶计时,计时设置与提醒，下次直接打开即可根据自己设置的泡茶时间、奶茶制作时间、咖啡制作时间去品茗啦~"
1622952105,羊羊设备库,"保存您想购买的设备，或者已经存在的设备归类。

羊羊设备库，保存您的设备信息，不用担心再会遗忘。"
1615731935,人人加密箱,"1 “特别”的照片/视频/账号，担心被别人看到而不敢拍或无处保存
2 你的那个TA想翻看你的手机相册，你的秘密不想让TA看却又无法阻拦
3 手机被别人拿去玩，担心私密照片不小心被别人看到
3 各种账号信息经常遗忘，又不敢随意存放"
1611839557,小宝私密箱,"小宝私密箱是一个可以帮助您保护私人照片、视频的神器！想查看内容，必须输入您预设的密码。没有您的预设密码，没有人再可以偷窥到您的隐私！
方便您管理特殊照片和视频
某些私密照片和视频不用担心被别人看到"
1531577718,月亮播放器 -给你带来不一样的视觉感受,"海量高清等你来体验

——BGM背景音的大杂烩
音质清晰流畅不卡顿，完美呈现电影级后期配音

——超给力的视频剪辑
强大的编辑视频功能，剪辑拼接字幕编辑更贴心

——简便却又高效的字幕添加
搞笑表情炫酷的字幕，配上文字让视频更加趣味"
1669178960,减肥小目标,"好的习惯，天天记录

好的习惯，天天记录
制定常用打卡"
6446343423,戒烟小目标,"戒烟从今天开始，健康每一天

戒烟从今天开始，健康每一天"
1644264230,下棋有方,添加棋谱名称，阵容，数量等，棋谱各个版本出现的比例。
1669671048,PaPerWall - 每日文字和壁纸,"我们精心整理了一些你喜欢的内容：
每日一段文字、一篇歌词、几句对白，精致有温度，极简美学设计，重塑文字视觉美感，或许能引起你的发现和共鸣。
精挑细选超赞壁纸，忍不住和你分享，这些壁纸简直太漂亮了，总有一款适合你。"
6444903359,FlightTip Note,"Seyahat bagajı hakkında en kapsamlı cevapları veriyoruz. Uçakla uçarken bagaj teslimi yapmamız gerektiğinde nelere dikkat etmemiz gerekiyor? Hanggong Şirketi, bagajdaki hacim, boyut ve eşyalarla ilgili katı gerekliliklere sahiptir. Uçuş sırasında bagajın güvenliğini sağlar, bu nedenle ihtiyacımız olan şey bagaj teslimi sırasında kurallara uymak Kayıtsız bagajdan kaçınmak için ilgili düzenlemeler.
Aynı zamanda, uçuş bilgileri kayıtları ve uçuş kalkış saati hatırlatıcıları gibi bazı ek işlevler de sağlıyoruz.
Kullanmak için acele edin."
6448230329,小萌图记-图片编辑工具,"主要功能:
老照片修复:多年的老照片已经模糊不清?试试老照片修复吧
人像动漫化:想看看你自己在动漫的世界里是什么样的吗?快来试试吧
黑白上色:黑色的照片看起来没有生机?试试上色吧
更多功能敬请您来下载体验哦~"
6447424627,中药博小助,"许多中草药在中国已被运用了数千年，近代大量的医学研究也发现，这些中草药的疗效非常奇异。许多中草药可刺激人体免疫力、强化对疾病的抵抗力。各种中药的功效和作用是不同。
我们的应用普及了一些常见的中药材，让您能够博览中药材，详细的了解每一种中草药的功能和详细的介绍。同时我们也能够添加自己认识的中药材，也可以发送给我们，审核通过后会更新应用的药材库。
我们的应用的功能包含：
一、中药草熬制日期及时间提醒；
二、基本全面的中草药库及详细介绍；
三、添加自识的中草药；
四、其他中草药相关功能。
特别提醒：部分中草药需在专业医生的建议下适量食用，否则会造成药物肝损伤。
更多体验，尽在其中。"
6450620429,古风遇纵笔,"当古风风格遇上纵笔文字，会产生什么样的效果呢？

输入标题、内容、出处或者署名，会把显示的文字以纵笔的方式显示出来。

多种插图供你选择，满足你不同的审美效果，并能更改插图的透明度。

多种背景色供你选择，让背景色彩不再单调。

将生成的效果保存成图片，随时分享给他人。"
6446759248,宝儿看房日常,"想随时随地了解房子的信息差吗，下载它来帮助您吧。

一款记录您看房信息的软件，对比房间信息，随时随地展现不同的视野。"
1465366080,蚂蚁书签,蚂蚁书签一款简单安全的书签管理工具， 帮您保管私人的书签数据
1667434675,一天阅读-人人都是主题设计师,"一天阅读是为资深书虫量身打造的一款专业的文本阅读软件，为您提供优质的阅读体验。
一天阅读提供灵活的阅读操作和样式定制功能，可凭喜好自由定制符合您阅读习惯的主题。
提供如下功能：
1、WIFI传书，可以通过WIFI传书，将您电脑端的图书通过网页快速地传输至一天阅读App进行阅读。

2、书架管理功能，您可以通过书架管理对您的书籍进行相关管理。
3、阅读器本身提供丰富的阅读主题设置，包括字体大小变更、主题颜色、夜间模式、字体更换、翻页动画设置、排版设置等多项设置功能。
"
6444522899,三角形の心,"This is an application of the center of a triangle, including the interior, exterior, center of gravity and vertical center of a triangle"
6447549798,图蓝,App主要为大家解决照片添加水印处理，长图拼接，多张图片拼接处理。
